10,1,6,8,4,2,9,7,5,3
meta,VWO'ers,trauma's,haviken,lobbies,geheugen-technieken,velen,uw,erachter kwam,jouw
meta,VWO'ers,trauma's,haviken,lobbys,geheugentechnieken,velen,uw,er achter kwam,jouw
méta,vwo'ers,trauma's,haviken,lobby's,geheugentechnieken,velen,hun,erachter kwam,jouw
méta,vwo'ers,trauma's,haviken,lobby's,geheugentechnieken,velen,uw,er achter kwam,jouw
méta,vwo'ers,trauma's,haviken,lobbies,geheugentechnieken,velen,uw,erachter,jouw
meta niveau,vwo'ers,trauma's,haviken,lobby's,geheugentechnieken,velen,uw,erachter kwam,jouw
meta niveau,vwo'ers,trauma's,haviken,lobby's,geheugentechnieken,velen,uw,er achter,jouw
meta niveau,VWO'ers,trauma's,haviken,lobby's,geheugentechnieken,velen,jouw,erachter kwam,jouw
meta niveau,VWO'ers,trauma's,haviken,lobby's,geheugentechnieken,velen,uw,er achter,jouw
meta niveau,vwo'ers,traumas,haviken,lobbys,geheugen-technieken,velen,Uw,er achter kwam,jouw
mèta niveau,VWO´ers,trouwma`s,haviken,lobby´s,geheugentechnieken,velen,u,er achter kwam,jouw
metaniveau,vwo'ers,trauma's,haviken,lobby's,geheugentechnieken,velen,uw,er achter kwam,jouw
metaniveau,vwo'ers,trauma's,haviken,lobby's,geheugentechnieken,velen,uw,erachter kwam,jouw
metaniveau,vwo'ers,trauma's,havikken,lobbys,geheugentechnieken,velen,uw,erachter,jouw
metaniveau,vwo'ers,trauma's,haviken,lobby's,geheugentechnieken,velen,uw,er achter kwam,jouw
metaniveau,vwo'ers,trauma's,haviken,lobby's,geheugentechnieken,velen,uw,erachter kwam,jouw
metaniveau,vwo-ers,trauma's,haviken,lobby's,geheugentechnieken,velen,uw,erachter kwam,jouw
metaniveau,vwo'ers,trauma's,haviken,lobby's,geheugentechnieken,velen,uw,er achter kwam,jouw
metaniveau,VWO-ers,traumas,havikken,lobby's,geheugentechnieken,velen,uw,erachterkwam,jouw
metaniveau,vwo'ers,trauma's,haviken,lobby's,geheugentechnieken,velen,jouw,erachter kwam,jouw
metaniveau,vwo'ers,trauma's,havikken,lobby's,geheugentechnieken,velen,hun,erachter kwam,jouw
metaniveau,VWO'ers,trauma's,haviken,lobby's,geheugentechnieken,velen,u,er achter kwam,jouw
metaniveau,VWO'ers,trauma's,haviken,lobby's,geheugentechnieken,vele,uw,erachter kwam,jouw
metaniveau,vwo'ers,trauma's,havikken,lobby's,geheugentechnieken,velen,uw,er achter kwam,jouw
metaniveau,VWO´ers,trauma´s,havikken,lobby´s,geheugentechnieken,velen,uw,erachter kwam,jouw
metaniveau,vwo'ers,trauma's,haviken,lobby's,geheugentechnieken,velen,uw,erachter kwam,jouw
metaniveau,vwo'ers,trauma's,havikken,lobby's,geheugentechnieken,velen,uw,erachter kwam,jouw
metaniveau,vwo'ers,trauma's,haviken,lobby's,geheugentechnieken,velen,uw,erachter kwam,jouw
metaniveau,vwo´ers,traumas,havikken,lobby´s,geheugentechnieken,velen,uw,erachter kwam,jouw
metaniveau,vwo´ers,trauma´s,haviken,lobby´s,geheugentechnieken,velen,uw,erachter,jouw
metaniveau,VWO'ers,trauma's,haviken,lobby's,geheugentechnieken,vele,uw,erachterkwam,jouw
metaniveau,vwo-ers,trauma's,haviken,lobby's,geheugentechnieken,velen,uw,er achter kwam,jouw
metaniveau,vwo´ers,trauma´s,haviken,lobby´s,geheugentechnieken,velen,jouw,erachterkwam,jouw
metaniveau,VWO'ers,trauma's,haviken,lobbies,geheugentechnieken,velen,jouw,er achter kwam,jouw
metaniveau,vwo-ers,trauma's,haviken,lobbies,geheugentechnieken,velen,uw,er achter kwam,jouw
metaniveau,vwo-ers,trauma's,haviken,lobby's,geheugetechnieken,velen,uw,erachter kwam,jouw
metaniveau,vwo'ers,trauma's,haviken,lobby's,geheugentechnieken,velen,uw,erachter,jouw
metaniveau,vwo´ers,trauma´s,havikken,lobby´s,geheugentechnieken,velen,mijn,erachter kwam,jouw
metaniveau,VWO'ers,trauma's,havikken,lobby's,geheugentechnieken,vele,uw,er achter kwam,jouw
metaniveau,vwo'ers,trauma's,haviken,lobby's,geheugentechnieken,velen,hun,er achterkwam,jouw
metaniveau,vwo´ers,trauma´s,havikken,lobby´s,geheugentechnieken,velen,uw,erachterkwam,jouw
metaniveau,VWO'ers,trauma's,haviken,lobby's,geheugentechnieken,velen,uw,erachter kwam,jouw
metaniveau,vwo'ers,trauma's,haviken,lobby's,geheugentechnieken,vele,mijn,er achterkwam,jouw
metaniveau,vwo'ers,trauma's,haviken,lobby's,geheugentechnieken,velen,uw,erachter kwam,jouw
metaniveau,vwo'ers,trauma's,haviken,lobby's,geheugentechnieken,velen,mijn,erachter kwam,jouw
metaniveau,vwo'ers,trauma's,haviken,lobby's,geheugentechnieken,velen,uw,er achterkwam,jouw
metaniveau,vwo´ers,trauma´s,haviken,lobby´s,geheugentechnieken,velen,uw,erachter kwam,jouw
metaniveau,vwo'ers,trauma's,haviken,lobby's,geheugentechnieken,velen,uw,erachter kwam,jouw
metaniveau,VWO´ers,trauma´s,haviken,lobby´s,geheugentechnieken,velen,uw,erachter kwam,jouw
metaniveau,vwo'ers,trauma's,haviken,lobby's,geheugentechnieken,velen,uw,erachter kwam,jouw
metaniveau,vwo'ers,trauma's,haviken,lobby's,geheugentechnieken,velen,hun,erachterkwam,jouw
metaniveau,vwo'ers,trauma's,haviken,lobby's,geheugentechnieken,velen,uw,erachter kwam,jouw
metaniveau,vwo'ers,trauma's,haviken,lobby's,geheugentechnieken,velen,uw,erachter kwam,jouw
metaniveau,vwo-ers,trauma´s,haviken,lobby´s,geheugentechnieken,velen,uw,erachter kwam,jouw
metaniveau,vwo'ers,trauma's,haviken,lobby's,geheugentechnieken,velen,jouw,er achterkwam,jouw
metaniveau,vwo'ers,trauma's,haviken,lobby's,geheugentechnieken,velen,mijn,er achterkwam,jouw
metaniveau,vwo'ers,trauma's,haviken,lobby's,geheugentechnieken,velen,uw,erachter kwam,jouw
metaniveau,vwo'ers,trauma's,haviken,lobby's,geheugentechnieken,velen,hun,er achter kwam,jouw
metaniveau,vwo´ers,trauma´s,havikken,lobby´s,geheugentechnieken,velen,mijn,achterkwam,jouw
metaniveau,vwo'ers,trauma's,haviken,lobby's,geheugentechnieken,velen,uw,erachter,jouw
metaniveau,VWO'ers,trauma's,haviken,lobby's,geheugentechnieken,velen,uw,erachter kwam,jouw
metaniveau,VWO-ers,trauma's,haviken,lobby's,geheugentechnieken,velen,uw,erachter,jouw
metaniveau,vwo'ers,trauma's,haviken,lobbys,geheugentechnieken,velen,uw,erachter,jouw
metaniveau,VWO'ers,traumas,havikken,lobby's,geheugentechnieken,velen,uw,er achter kwam,jouw
metaniveau,vwo'ers,trauma's,haviken,lobbies,geheugentechnieken,velen,uw,er achterkwam,jouw
metaniveau,vwo'ers,trauma's,haviken,lobby's,geheugentechnieken,velen,uw,er achterkwam,jouw
metaniveau,vwo´ers,trauma´s,haviken,lobby´s,geheugentechnieken,velen,je,achterkwam,jouw
metaniveau,vwo-ers,trauma's,haviken,lobby's,geheugentechnieken,velen,mijn,er achterkwam,jouw
metaniveau,vwo'ers,trauma's,haviken,lobby's,geheugentechnieken,velen,haar,erachterkwam,jouw
metaniveau,vwo'ers,trauma's,haviken,lobby's,geheugentechnieken,velen,uw,er achterkwam,jouw
metaniveau,VWO'ers,trauma's,haviken,lobby's,geheugentechnieken,velen,uw,erachter kwam,jouw
metaniveau,VWO'ers,trauma's,haviken,lobby's,geheugentechnieken,velen,uw,er achterkwam,jouw
metaniveau,VWO'ers,trauma's,haviken,lobby's,geheugentechnieken,vele,uw,erachter kwam,jouw
metaniveau,VWO-ers,trauma's,haviken,lobby's,geheugentechnieken,velen,je,erachter kwam,jouw
metaniveau,vwo'ers,trauma's,havikken,lobby's,geheugentechnieken,velen,uw,er achter kwam,jouw
metaniveau,VWO-ers,trauma´s,haviken,lobby´s,geheugentechnieken,velen,Uw,er achterkwam,jouw
metaniveau,vwo-ers,trauma's,haviken,lobbies,geheugentechnieken,velen,uw,erachter kwam,jouw
metaniveau,vwo'ers,trauma's,haviken,lobby's,geheugentechnieken,velen,je,erachter kwam,jouw
metaniveau,vwo´ers,trauma´s,haviken,lobby´s,geheugentechnieken,velen,uw,er achterkwam,jouw
metaniveau,VWO´ers,trauma´s,havikken,lobby´s,geheugentechnieken,velen,uw,erachter kwam,jouw
metaniveau,VWO'ers,trauma's,haviken,lobby's,geheugentechnieken,vele,uw,erachter kwam,jouw
metaniveau,vwo'ers,trauma's,haviken,lobby's,geheugentechnieken,velen,uw,erachter kwam,jouw
metaniveau,vwo-ers,trauma´s,haviken,lobby´s,geheugentechnieken,velen,jouw,er achter kwam,jouw
metaniveau,vwo´ers,traumas,haviken,lobbys,geheugentechnieken,vele,hun,erachter kwam,jouw
metaniveau,vwo'ers,trauma's,haviken,lobby's,geheugentechnieken,velen,uw,erachter,jouw
metaniveau,vwo'ers,trauma's,haviken,lobby's,geheugentechnieken,velen,uw,erachter kwam,jouw
metaniveau,vwo'ers,trauma's,haviken,lobby's,geheugentechnieken,velen,hun,erachter,jouw
metaniveau,VWO-ers,trauma's,haviken,lobby's,geheugentechnieken,vele,je,erachter kwam,jouw
metaniveau,vwo´ers,trauma´s,haviken,lobby´s,geheugentechnieken,velen,uw,erachterkwam,jouw
metaniveau,VWO'ers,trauma's,havikken,lobby's,geheugentechnieken,velen,uw,erachter kwam,jouw
metaniveau,vwo'ers,trauma's,haviken,lobby's,geheugentechnieken,velen,uw,erachter kwam,jouw
metaniveau,vwo'ers,trauma's,haviken,lobby's,geheugentechnieken,velen,hun,er achterkwam,jouw
metaniveau,vwo-ers,trauma's,haviken,lobby's,geheugentechnieken,velen,hun,erachter kwam,jouw
metaniveau,vwo'ers,trauma's,haviken,lobby's,geheugentechnieken,velen,uw,er achterkwam,jouw
metaniveau,VWO'ers,trauma's,havikken,lobbies,geheugen technieken,vele,uw,er achter kwam,jouw
metaniveau,vwo'ers,trauma's,haviken,lobby's,geheugentechnieken,velen,uw,er achter kwam,jouw
metaniveau,VWO'ers,trauma's,haviken,lobby's,geheugentechnieken,velen,uw,er achterkwam,jouw
metaniveau,vwo-ers,trauma's,havikken,lobby's,geheugentechnieken,velen,uw,erachter kwam,jouw
metaniveau,vwo'ers,trauma's,haviken,lobby's,geheugentechnieken,velen,uw,erachter kwam,jouw
metaniveau,VWO'ers,trauma's,haviken,lobby's,geheugentechnieken,velen,uw,erachter kwam,jouw
meta-niveau,vwo'ers,trauma's,haviken,lobby's,geheugen technieken,velen,je,er achter kwam,jouw
meta-niveau,VWO-ers,trauma's,haviken,lobbys,geheugentechnieken,velen,uw,er achter kwam,jouw
meta-niveau,VWO'ers,trauma's,haviken,lobby's,geheugentechnieken,velen,uw,er achter kwam,jou
meta-niveau,VWO'ers,traumas,haviken,lobbys,geheugentechnieken,velen,je,erachter kwam,jouw
meta-niveau,vwo´ers,trauma´s,haviken,lobby´s,geheugentechnieken,velen,mijn,er achter kwam,jouw
meta-niveau,VWO-ers,traumas,haviken,lobby's,geheugentechnieken,velen,uw,er achter kwam,jouw
meta-niveau,vwo'ers,trauma's,havikken,lobby's,geheugentechnieken,velen,uw,er achter kwam,jouw
meta-niveau,VWO'ers,trauma's,en havikken,lobby's,geheugentechnieken,velen,uw,er achter kwam,jouw
meta-niveau,VWO'ers,trauma's,havikken,lobby's,geheugentechnieken,velen,uw,erachter kwam,jou
meta-niveau,vwo'ers,traumas,havikken,lobby's,geheugentechnieken,velen,uw,erachterkwam,jouw
meta-niveau,vwo´ers,trauma´s,havikken,lobby´s,geheugentechnieken,vele,uw,er achter kwam,jouw
meta-niveau,VWO-ers,trauma?,haviken,lobby?,geheugen technieken,vele,uw,erachter kwam,jouw
meta-niveau,vwo´ers,trauma´s,haviken,lobbies,geheugentechnieken,velen,uw,erachter,jouw
meta-niveau,VWO'ers,trauma's,haviken,lobby's,geheugentechnieken,velen,uw,erachter kwam,jouw
meta-niveau,vwo'ers,trauma's,havikken,lobby's,geheugentechnieken,velen,uw,erachterkwam,jouw
meta-niveau,vwo`ers,trauma`s,haviken,lobby`s,geheugentechnieken,velen,uw,er achter kwam,jouw
meta-niveau,vwo'ers,trauma's,haviken,lobby's,geheugentechnieken,velen,je,erachter kwam,jouw
meta-niveau,vwo'ers,traumas,haviken,lobby's,geheugentechnieken,velen,uw,er achter kwam,jouw
meta-niveau,vwo'ers,trauma's,haviken,lobby's,geheugentechnieken,velen,uw,erachterkwam,jouw
meta-niveau,vwo'ers,trauma's,havikkken,lobbies,geheugentechnieken,velen,uw,erachter kwam,jouw
meta-niveau,vwo'ers,trauma's,havikken,lobbys,geheugentechnieken,velen,uw,erachter kwam,jouw
meta-niveau,vwo-ers,trauma´s,haviken,lobby´s,geheugentechnieken,velen,uw,erachter,jouw
meta-niveau,VWO'ers,traumas,Havikken,lobby's,geheugentechieken,stemden,uw,erachter kwam,jouw
meta-niveau,VWO´ers,trauma´s,haviken,lobby´s,geheugentechnieken,velen,uw,erachter kwam,jouw
meta-niveau,vwo'ers,trauma's,haviken,lobby's,geheugentechnieken,velen,uw,er achter kwam,jouw
meta-niveau,vwo'ers,traumas,havikken,lobbies,geheugentechnieken,velen,uw,erachter kwam,jouw
meta-niveau,vwo-ers,trauma's,haviken,lobby's,geheugentechnieken,velen,je,erachter kwam,jouw
meta-niveau,vwo´ers,trauma´s,havikken,lobbies,geheugentechnieken,velen,de,er achter kwam,jouw
meta-niveau,VWO'ers,trauma's,haviken,lobby's,geheugentechnieken,velen,hun,er achter kwam,jouw
meta-niveau,VWO'ers,trauma's,haviken,lobby's,geheugentechnieken,velen,uw,er achterkwam,jouw
meta-niveau,vwo-ers,trauma's,haviken,lobby's,geheugentechnieken,velen,uw,er achterkwam,jouw
meta-niveau,vwo´ers,trauma´s,haviken,lobbys,geheugentechnieken,vele,uw eigen,erachter kwam,jouw
meta-niveau,vwo'ers,trauma's,havikken,lobby's,geheugentechnieken,velen,uw,erachter kwam,jouw
meta-niveau,VWO'ers,trauma's,havikken,lobby's,geheugentechnieken,velen,uw,erachter kwam,jouw
meta-niveau,vwo'ers,trauma's,havikken,lobby's,geheugentechnieken,vele,uw,er achter,jouw
meta-niveau,VWO´ers,traumas,haviken,lobby´s,geheugentechnieken,velen,hun,erachter kwam,jouw
meta-niveau,vwo'ers,trauma's,haviken,lobbies,geheugentechnieken,velen,hun,erachter kwam,jouw
meta-niveau,VWO-ers,trauma's,havikken,lobby's,geheugentechnieken,velen,uw,er achter kwam,jouw
meta-niveau,vwo'ers,trauma's,haviken,lobby's,geheugentechnieken,velen,uw,er achter kwam,jouw
meta-niveau,VWO'ers,trauma's,havikken,lobby's,geheugen technieken,velen,uw,erachter kwam,jouw
meta-niveau,vwo'ers,trauma's,haviken,lobby's,geheugentechnieken,velen,uw,erachter kwam,jouw
meta-niveau,vwo'ers,trauma's,haviken,lobby's,geheugentechnieken,velen,uw,er achterkwam,jouw
meta-niveau,vwo'ers,trauma's,haviken,lobbies,geheugentechnieken,velen,mijn,er achter kwam,jouw
meta-niveau,vwo-ers,trauma's,havikken,lobby's,geheugentechnieken,velen,mijn,erachter kwam,jouw
meta-niveau,vwo-ers,trauma´s,havikken,lobby´s,geheugentechnieken,vele,uw,er achter kwam,jouw
meta-niveau,vwo'ers,trauma's,havikken,lobby's,geheugentechnieken,velen,hun,erachter kwam,jouw
meta-niveau,VWO'ers,trauma's,havikken,lobby's,geheugentechnieken,velen,uw,erachterkwam,jouw
meta-niveau,vwo´ers,trauma´s,haviken,lobby´s,geheugentechnieken,velen,uw,erachter kwam,jouw
meta-niveau,VWO'ers,gevoelens en mijn trauma's,haviken,lobby's,geheugentechnieken,velen,uw,er achter kwam,jouw
meta-niveau,VWO'ers,trauma's,haviken,lobby's,geheugentechnieken,velen,uw,erachter kwam,jouw
meta-niveau,vwo-ers,traumas,havikken,lobbies,geheugentechnieken,velen,uw,erachterkwam,jouw
meta-niveau,vwo´ers,trauma´s,haviken,lobbies,geheugentechnieken,velen,uw,er achter kwam,jouw
meta-niveau,vwo'ers,trauma's,haviken,lobby's,geheugentechnieken,velen,uw,er achterkwam,jouw
meta-niveau,VWO'ers,trauma's,haviken,lobby's,geheugentechnieken,velen,mijn,erachter kwam,jouw
meta-niveau,VWO'ers,trauma's,havikken,lobby's,geheugentechnieken,vele,uw,er achterkwam,jouw
meta-niveau,vwo´ers,trauma´s,havikken,lobby´s,geheugentechnieken,velen,uw,erachter kwam,jouw
meta-niveau,vwo'ers,trauma's,havikken,lobby's,geheugentechnieken,velen,uw,erachter kwam,jouw
meta-niveau,vwo´ers,trauma´s,havikken,lobby´s,geheugentechnieken,velen,uw,er achter kwam,jouw
meta-niveau,VWO-ers,trauma's,haviken,lobbies,geheugentechnieken,velen,uw,erachter kwam,jouw
meta-niveau,vwo'ers,trauma's,haviken,lobby's,geheugentechnieken,velen,uw,er achterkwam,jouw
meta-niveau,vwo'ers,trauma's,haviken,lobby's,geheugentechnieken,velen,je,erachter kwam,jouw
meta-niveau,vwo'ers,trauma's,haviken,lobby's,geheugentechnieken,velen,uw,erachter kwam,jouw
meta-niveau,vwo'ers,trauma's,havikken,lobby's,geheugentechnieken,velen,uw,er achterkwam,jouw
meta-niveau,vwo´ers,trauma´s,haviken,lobby´s,geheugentechnieken,velen,uw,erachter kwam,jouw
meta-niveau,VWO'ers,trauma's,haviken,lobby's,geheugentechnieken,velen,je,er achter kwam,jouw
meta-niveau,vwo'ers,trauma's,haviken,lobby's,geheugentechnieken,velen,uw,erachter kwam,jouw
meta-niveau,vwo-ers,trauma's,haviken,lobby's,geheugentechnieken,velen,hun,erachter kwam,jouw
meta-niveau,vwo-ers,trauma´s,haviken,lobby´s,geheugentechnieken,velen,uw,er achter kwam,jouw
meta-niveau,vwo'ers,trauma's,haviken,lobbies,geheugentechnieken,velen,je,er achter kwam,jouw
meta-niveau,vwo'ers,trauma's,haviken,lobby's,geheugentechnieken,velen,uw,erachter kwam,jouw
meta-niveau,VWO'ers,trauma's,haviken,lobby's,geheugentechnieken,velen,hun,er achter kwam,jouw
meta-niveau,vwo-ers,trauma's,havikken,lobby's,geheugentechnieken,velen,mijn,erachter kwam,jouw
Meta-niveau,VWO´ers,trauma´s,haviken,lobbies,geheugentechnieken,vele,uw,erachter kwam,jouw
meta-niveau,VWO´ers,trauma´s,haviken,lobby´s,geheugentechnieken,velen,mijn,erachter kwam,jouw
meta-niveau,vwo'ers,trauma's,haviken,lobbys,geheugentechnieken,velen,je,erachter,jouw
meta-niveau,vwo'ers,trauma's,haviken,lobby's,geheugentechnieken,velen,hun,erachter kwam,jouw
meta-niveau,VWO'ers,trauma's,haviken,lobby's,geheugentechnieken,velen,uw,er achter kwam,jouw
meta-niveau,vwo'ers,trauma's,havikken,lobby's,geheugentechnieken,velen,uw,erachter,jouw
meta-niveau,vwo-ers,trauma's,haviken,lobby's,geheugentechnieken,velen,uw,erachter kwam,jouw
meta-niveau,VWO-ers,trauma's,haviken,lobby's,geheugentechnieken,velen,uw,er achterkwam,jouw
meta-niveau,vwo'ers,trauma's,haviken,lobby's,geheugentechnieken,velen,hun,er achter kwam,jouw
meta-niveau,vwo'ers,trauma's,havikken,lobby's,geheugentechnieken,velen,uw,erachter kwam,jouw
meta-niveau,vwo-ers,traumas,havikken,lobby's,geheugentechnieken,vele,uw,erachterkwam,jou
meta-niveau,vwo-ers,trauma's,haviken,lobby's,geheugentechnieken,velen,uw,erachter kwam,jouw
meta-niveau,vwo'ers,trauma's,haviken,lobby's,geheugentechnieken,velen,uw,erachter kwam,jouw
meta-niveau,VWO'ers,trauma's,haviken,lobby's,geheugentechnieken,vele,uw,erachter kwam,jouw
meta-niveau,vwo'ers,trauma's,havikken,lobby's,geheugentechnieken,velen,uw,erachter kwam,jouw
meta-niveau,vwo'ers,trauma's,haviken,lobbies,geheugentechnieken,velen,uw,er achter kwam,jouw
meta-niveau,vwo’ers,trauma’s,haviken,lobby’s,geheugentechnieken,velen,uw,er achter kwam,jouw
meta-niveau,vwo-ers,trauma's,havikken,lobby's,geheugentechnieken,velen,uw,er achter,jouw
meta-niveau,vwo'ers,trauma's,havikken,lobbies,geheugentechnieken,velen,uw,er achter kwam,jouw
meta-niveau,vwo'ers,trauma's,haviken,lobbys,geheugentechnieken,velen,mijn,erachter kwam,jouw
meta-niveau,vwo'ers,trauma's,haviken,lobby's,geheugentechnieken,velen,jouw,er achterkwam,jouw
meta-niveau,vwo´ers,trauma´s,haviken,lobby´s,geheugentechnieken,velen,uw,erachter kwam,jouw
meta-niveau,vwo'ers,trauma's,haviken,lobby's,geheugentechnieken,velen,mijn,erachter kwam,jouw
meta-niveau,vwo´ers,trauma´s,haviken,lobby´s,geheugentechnieken,velen,mijn,er achter kwam,jouw
meta-niveau,vwo´ers,trauma´s,haviken,lobby´s,geheugentechnieken,velen,jouw,erachter kwam,jouw
meta-niveau,vwo'ers,trauma's,haviken,lobby's,geheugentechnieken,velen,uw,er achterkwam,jouw
meta-niveau,vwo'ers,trauma's,haviken,lobby's,geheugentechnieken,velen,je,er achter kwam,jouw
meta-niveau,vwo´ers,trauma´s,haviken,lobby´s,geheugentechnieken,velen,mijn,erachter kwam,jouw
meta-niveau,VWO'ers,trauma's,haviken,lobby's,geheugentechnieken,velen,uw,erachter kwam,jouw
meta-niveau,vwo'ers,trauma's,haviken,lobby's,geheugentechnieken,velen,mijn,erachter,jouw
meta-niveau,vwo'ers,trauma's,haviken,lobby's,geheugentechnieken,velen,uw,er achterkwam,jouw
meta-niveau,vwo'ers,trauma's,haviken,lobby's,geheugentechnieken,velen,uw,erachter kwam,jouw
meta-niveau,vwo'ers,trauma's,haviken,lobby's,geheugentechnieken,velen,uw,er achter kwam,jouw
meta-niveau,vwo'ers,trauma's,haviken,lobby's,geheugentechnieken,velen,uw,er achter kwam,jouw
meta-niveau,VWO´ers,trauma´s,haviken,lobby´s,geheugentechnieken,velen,uw,erachter kwam,jouw
meta-niveau,VWO'ers,trauma's,haviken,lobbies,geheugentechnieken,velen,uw,erachter kwam,jouw
meta-niveau,vwo´ers,trauma´s,haviken,lobby´s,geheugentechnieken,velen,uw,er achter kwam,jouw
meta-niveau,vwo'ers,trauma's,haviken,lobby's,geheugentechnieken,velen,uw,er achter,jouw
meta-niveau,vwo-ers,trauma's,havikken,lobby's,geheugentechnieken,velen,uw,er achter kwam,jouw
meta-niveau,vwo'ers,trauma's,havikken,lobbies,geheugentechnieken,velen,m'n,erachter kwam,jouw
meta-niveau,VWO'ers,trauma's,havikken,lobbies,geheugentechnieken,velen,hun,er achterkwam,jouw
meta-niveau,vwo'ers,trauma's,haviken,lobby's,geheugentechnieken,velen,uw,er achter kwam,jouw
meta-niveau,VWO'ers,trauma's,havikken,lobby's,geheugentechnieken,velen,uw,er achter kwam,jouw
meta-niveau,VWO'ers,trauma's,haviken,lobby's,geheugentechnieken,velen,hun,erachter kwam,jouw
meta-niveau,Vwo´ers,trauma´s,haviken,lobby´s,geheugen technieken,vele,uw,erachter kwam,jouw
meta-niveau,VWO'ers,trauma's,haviken,lobby's,geheugentechnieken,velen,uw,erachter kwam,jouw
meta-niveau,vwo-ers,trauma's,haviken,lobby's,geheugentechnieken,velen,je,erachterkwam,jouw
meta-niveau,vwo'ers,trauma's,havikken,lobby's,geheugentechnieken,velen,uw,er achter kwam,jouw
meta-niveau,vwo'ers,trauma's,haviken,lobby's,geheugentechnieken,velen,uw,erachter kwam,jouw
meta-niveau,VWO'ers,trauma's,haviken,lobby's,geheugentechnieken,velen,uw,erachter kwam,jouw
meta-niveau,vwo'ers,trauma's,haviken,lobby's,geheugentechnieken,velen,je,erachter kwam,jouw
meta-niveau,vwo'ers,trauma's,haviken,lobby's,geheugentechnieken,velen,uw,er achter,jouw
meta-niveau,vwo'ers,traumas,haviken,lobbies,geheugentechnieken,Vele,jouw,er achterkwam,jou
meta-niveau,vwo´s,trauma´s,haviken,lobby´s,geheugentechnieken,velen,uw,er achterkwam,jouw
meta-niveau,VWO'ers,trauma's,haviken,lobby's,geheugentechnieken,velen,uw,er achter kwam,jouw
meta-niveau,vwo'ers,trauma's,haviken,lobby's,geheugentechnieken,velen,uw,erachter kwam,jouw
meta-niveau,vwo'ers,trauma's,haviken,lobby's,geheugentechnieken,velen,uw,erachter kwam,jouw
meta-niveau,vwo'ers,trauma's,haviken,lobby's,geheugentechnieken,velen,uw,er achter kwam,jouw
meta-niveau,vwo´ers,trauma´s,haviken,lobby´s,geheugentechnieken,velen,uw,erachter kwam,jouw
meta-niveau,vwo'ers,trauma's,haviken,lobby's,geheugentechnieken,velen,uw,erachterkwam,jouw
meta-niveau,vwo-ers,trauma's,haviken,lobby's,geheugen-technieken,velen,uw,er achter,jouw
meta-niveau,vwo'ers,trauma's,haviken,lobby's,geheugentechnieken,velen,uw,erachter kwam,jouw
meta-niveau,VWO-ers,trauma's,haviken,lobby's,geheugentechnieken,velen,hun,er achterkwam,jouw
meta-niveau,VWO´ers,trauma´s,haviken,lobby´s,geheugentechnieken,velen,uw,erachter kwam,jouw
meta-niveau,vwo'ers,trauma's,haviken,lobby's,geheugentechnieken,velen,mijn,erachter kwam,jouw
meta-niveau,vwo'ers,trauma's,haviken,lobby's,geheugen technieken,velen,uw,er achterkwam,jouw
meta-niveau,VWO´ers,trauma´s,havikken,lobby´s,geheugentechnieken,velen,uw,er achter kwam,jouw
meta-niveau,vwo'ers,trauma's,havikken,lobby's,geheugentechnieken,velen,uw,er achter kwam,jouw
meta-niveau,V.W.O'ers,trauma's,havikken,lobby's,geheugentechnieken,velen,uw,erachter kwam,jouw
meta-niveau,vwo'ers,trauma's,havikken,lobbies,geheugentechnieken,velen,uw,er achter kwam,jouw
meta-niveau,VWO´ers,trauma´s,havikken,lobby´s,geheugentechnieken,vele,uw,erachter kwam,jouw
meta-niveau,VWO-ers,trauma's,haviken,lobby's,geheugentechnieken,velen,uw,erachter kwam,jouw
meta-niveau,vwo'ers,trauma's,havikken,lobby's,geheugentechnieken,velen,mijn,er achterkwam,jouw
meta-niveau,vwo'ers,trauma's,haviken,lobbies,geheugentechnieken,velen,uw,erachter kwam,jouw
meta-niveau,vwo´ers,trauma´s,haviken,lobby´s,geheugentechnieken,vele,uw,erachter kwam,jouw
meta-niveau,vwo´ers,trauma´s,havikken,lobby´s,geheugentechnieken,velen,uw,erachterkwam,jouw
meta-niveau,vwo´ers,trauma´s,haviken,lobby´s,geheugentechnieken,velen,je,er achter kwam,jouw
meta-niveau,vwo'ers,trauma's,haviken,lobby's,geheugentechnieken,velen,je,erachter kwam,jouw
meta-niveau,VWO-ers,trauma's,havikken,lobby's,geheugentechnieken,velen,jouw,erachter,jouw
meta-niveau,vwo'ers,trauma's,havikken,lobbies,geheugentechnieken,velen,uw,er achter kwam,jouw
meta-niveau,vwo-ers,trauma's,haviken,lobby's,geheugentechnieken,velen,uw,er achter kwam,jouw
meta-niveau,vwo'ers,traumas,havikken,lobby's,geheugentechnieken,vele,uw,er achter kwam,jouw
meta-niveau,vwo'ers,trauma's,haviken,lobby's,geheugentechnieken,velen,uw,erachter kwam,jouw
meta-niveau,vwoërs,trauma's,haviken,lobbies,geheugentechnieken,vele,hun,er achter kwam,jouw
meta-niveau,vwo'ers,trauma's,haviken,lobby's,geheugentechnieken,velen,hun,er achterkwam,jouw
meta-niveau,vwo´ers,trauma´s,haviken,lobby´s,geheugentechnieken,velen,uw,erachter kwam,jouw
meta-niveau,VWO'ers,trauma's,haviken,lobby's,geheugentechnieken,velen,uw eigen,erachter kwam,jouw
meta-niveau,VWO'ers,trauma's,haviken,lobby's,geheugentechnieken,velen,je,erachter kwam,jouw
meta-niveau,VWO-ers,trauma's,haviken,lobby's,geheugentechnieken,vele,uw,erachter kwam,jouw
meta-niveau,VWO'ers,trauma's,haviken,lobby's,geheugentechnieken,velen,uw,erachter kwam,jouw
meta-niveau,vwo´ers,trauma´s,havikken,lobbies,geheugentechnieken,velen,uw,er achterkwam,jouw
meta-niveau,vwo'ers,trauma's,haviken,lobby's,geheugentechnieken,velen,uw,erachter kwam,jouw
meta-niveau,VWO'ers,trauma's,haviken,lobbies,geheugentechnieken,velen,jouw,erachter kwam,jouw
meta-niveau,vwo'ers,trauma's,haviken,lobby's,geheugentechnieken,velen,uw,er achterkwam,jouw
meta-niveau,vwo´ers,trauma´s,haviken,lobby´s,geheugentechnieken,velen,hun,erachter kwam,jou
meta-niveau,Vwo´ers,trauma´s,haviken,lobby´s,geheugen-technieken,vele,uw,erachter,jouw
meta-niveau,vwo´ers,trauma´s,haviken,lobbys,geheugetechnieken,velen,uw,er achter kwam,jouw
meta-niveau,vwo'ers,trauma's,havikken,lobby's,geheugentechnieken,velen,mijn,erachter kwam,jouw
meta-niveau,vwo'rs,trauma's,havikken,lobbies,geheugentechnieken,velen,uw,er achter kwam,jouw
meta-niveau,vwo'ers,trauma's,haviken,lobby's,geheugentechnieken,velen,uw,er achterkwam,jouw
meta-niveau,vwo'ers,traumas,haviken,lobbies,geheugentechnieken,velen,jouw,erachter kwam,jouw
meta-niveau,VWO'ers,trauma's,haviken,lobby's,geheugen technieken,velen,mijn,er achterkwam,jouw
meta-niveau,vwo'ers,trauma's,haviken,lobby's,geheugentechnieken,velen,uw,erachterkwam,jouw
meta-niveau,vwo'ers,trauma's,havikken,lobby's,geheugen-technieken,vele,uw,er achter,jouw
meta-niveau,VWO´ers,trauma´s,haviken,lobby´s,geheugentechnieken,velen,uw,erachter kwam,jouw
meta-niveau,vwo'ers,trauma's,haviken,lobby's,geheugentechnieken,velen,hun,er achter kwam,jouw
meta-niveau,vwo´ers,trauma´s,haviken,lobby´s,geheugentechnieken,velen,uw,er achterkwam,jouw eigen
meta-niveau,vwo'ers,traumas,haviken,lobby's,geheugentechnieken,velen,jouw,erachter kwam,jouw
meta-niveau,vwo'ers,traumas,haviken,lobby's,geheugentechnieken,velen,uw,er achterkwam,jouw
meta-niveau,VWO'ers,trauma's,havikken,lobies,geheugentechnieken,velen,uw,erachter kwam,jouw
meta-niveau,vwo'ers,trauma's,haviken,lobby's,geheugentechnieken,velen,uw,er achter kwam,jouw
metá-niveau,vwo'ers,trauma's,haviken,lobby's,geheugentechnieken,vele,uw,achterkwam,jouw
métaniveau,vwo'ers,trauma's,haviken,lobby's,geheugentechnieken,velen,uw,erachter kwam,jouw
métaniveau,vwo´ers,trauma´s,haviken,lobby´s,geheugentechnieken,velen,uw,erachter kwam,jouw
méta-niveau,vwo'ers,trauma's,haviken,lobby's,geheugentechnieken,velen,uw,erachter kwam,jouw
méta-niveau,VWO-ers,trauma's,havikken,lobby's,geheugentechnieken,velen,je,er achter kwam,jouw
méta-niveau,vwo'ers,trauma's,havikken,lobbies,geheugentechnieken,velen,uw,erachter kwam,jouw
méta-niveau,wwo'ers,trauma's,havikken,lobby's,geheugentechnieken,velen,uw,erachter kwam,jouw
méta-niveau,VWO-ers,trauma's,haviken,lobby's,geheugentechnieken,vele,uw,erachter kwam,jouw
méta-niveau,vwo'ers,trauma's,haviken,lobby's,geheugentechnieken,velen,mijn,er achter kwam,jouw
méta-niveau,vwo'ers,trauma's,havikken,lobby's,geheugentechnieken,velen,uw,er achterkwam,jouw
méta-niveau,vwo'ers,trauma's,haviken,lobby's,geheugentechnieken,velen,m'n,erachter kwam,jouw
méta-niveau,VWO'ers,trauma's,haviken,lobby's,geheugentechnieken,vele,uw,erachter kwam,jouw
metha-niveau,vwo'ers,traumas,haviken,lobby's,geheugenthechnieken,velen,uw,erachter,jouw
