Re.Wri.Sp.Dictation.3.v2.r9,Re.Wri.Sp.Dictation.8.v2.r7,Re.Wri.Sp.Dictation.10.v1.r6,Re.Wri.Sp.Dictation.9.v1.r6,Re.Wri.Sp.Dictation.7.v1.r6,Re.Wri.Sp.Dictation.6.v2.r7,Re.Wri.Sp.Dictation.5.v1.r6,Re.Wri.Sp.Dictation.4.v2.r7,Re.Wri.Sp.Dictation.2.v2.r8,Re.Wri.Sp.Dictation.1.v1.r6,Dictation
to define themselves,urban taxis,is where our group,the poverty worldwide,options to choose from,of other's houses,in South Africa,such a small brain,they're our future,is probably useful,8
to define themselves,urban taxi's,is where our group,that poverty worldwide,options to choose from,of others houses,in South Africa,such a small brain,They are our future,is propably useful,6
to define themselves,urban taxis,is where our group,poverty worldwide,options to choose from,of others' houses,in South Africa,such a small-brained,They're our future,is probably useful,9
to define themselves,urban taxi´s,is where our group,the poverty worldwide,options to choose from.,of others´ houses,in South-Africa.,such a small-brain,They are future,is probably usefull,4
to define themselves,urban taxi's,is where our group,that poverty worldwide,options to choose from,of others' houses,in South-Africa,such a small-brained,They are our future,is probably useful,8
to define themselves,urban taxes,is where our group,that poverty world wild,options to choose from,of others houses,in South Africa,such a small brain,They are our future,is probbably useful,5
to define themselves,urban taxis,is where our group,that poverty worldwide,options to choose from,of others houses,in South Africa,such a small brain,They are our future,is probably usefull,7
to define themselves,urban taxi's,is where our group,the poverty worldwide,options to choose from,of others houses,in South Africa,such a small-brained,They are our future,is probably useful,8
to define themselves,urban taxes,is where our group,poverty worldwide,options to choose from,of others houses,in South-Africa,such a small-brain,They are our future,is probably useful,5
to define themselfs,urban taxis,is where our group,poverty worldwide,options to choose from,of other houses,in South Africa,such a small brain,They are our future,is probably useful,6
to define themselves,urban taxis,is where our group,the poverty worldwide,options to choose from,of others' houses,in South Africa,such a small-brained,They're our future,is probably useful,10
to define themselves,urban taxis,where our group,the poverty worldwide,options to choose from,of other's houses,in South-Afrika,such a small-brained individual,They are our future,is probably usefull,6
to define themselves,urban taxis,is where our group,that poverty world-wide,options to choose from,of others´houses,in South Africa,such a small-brain,They are our future,is probably useful,7
to define themselves,urban taxes,is where our group,that poverty worldwide,options to choose,of others´ helthist,in South Africa,such a small brain,They are our future,is probably useful,6
to define themselves,urban taxis,is where our group,the poverty worldwide,options to choose from,of other's houses,in south africa,such a small-brain,they are our future,is probably useful,7
to define themselves,urban taxis,is where our group,the poverty worldwide,options to choose from,of others houses,in South-Africa,such a smal brain,They are our future,is probably useful,7
to define themselves,urban taxis,is where our group,poverty worldwide,options to choose from,of other's houses,in South-Africa,such a small brained,they're our future,probably useful,5
to define themselves,urban taxes,is where our group,that poverty worldwide,options to choose from,of others houses,in South Africa,such a small brain,they are our future,is probably useful,7
to define themselves,urban taxis,is where our group,that poverty worldwide,options to choose from,of others houses,in South-Africa,such a small brain,They are our future,is probably useful,7
to define themselves,urban taxes,is were our group,that poverty worldwide,options to choose from,of others houses,in South Africa,such a small brain,They are our future,is probably useful,6
to define themselves,urban taxis,is where our group,the poverty worldwide,options to choose from,of other's,in South-Africa,such a small brained,They are our future,is probably useful,7
to define themselves,urban taxes,is where argue,that poverty worldwide,options to choose from,of other's houses,in South Africa,such a small brain,They are future,is probably useful,5
to define themselves,urban taxis,is where our group,that poverty worldwide,options to choose from,of others houses,in south Africa,such a small-brained,they are our future,is probably useful,8
to define themselves,urban taxi's,is where our group,that poverty world wide,options to choose from,of others houses,in South-Africa,such a small brain,They are our future,is probably useful,5
to define themselves,urban taxies,is where our group,that poverty world-wide,options to choose from,of other's houses,in South Africa,such a small-brain,they are our,is probably useful,5
to define themselves,urban taxis,is where our group first,that poverty worldwide,options to choose from,of other´s houses,in south africa,such a small brain,They are future,is probably useful,6
to define themselves,urban taxis,is where our group,that poverty worldwide,options to choose from,of other´s houses,in South Africa,such a small brained,They are future,is probably useful,7
to define themselves,urban taxis,is where our group,the poverty worldwide,options to choose from,of other's houses,in South-Africa,such a small brained,They are our future,is probably useful,7
to define themselves,urban taxi´s,is where our group,that poverty worldwide,options to choose from,of others houses,in South Africa,such a small brained,They are our future,is probably useful,7
to define themselves,urban taxis,is where our group,that poverty worldwide,options to choose from,of other's houses,in South Africa,such a small brain,They are our future,is probably useful,8
to define themselves,urban taxis,is where our group,that poverty worldwide,options to choose from,of others houses,in Southafrica,such a small brain,They are our future,is probably useful,7
to define themselves,urban taxis,is where our group,the poverty world wide,options to choose from,of others houses,in South Africa,such a small brain,They're our future,is probably useful,7
to define themselves,urban taxis,is where our group,poverty worldwide,options to choose from,of others houses,in South Africa,such a small-brained,They are future,it´s  probably useful,6
to define themselves,urban taxis,is were our group,that poverty worldwide,options to choose from,of other's houses,in South Africa,such a small brain,They are future,it is probably useful,5
to define themselves,urban taxis,is where our group,that poverty worldwide,options to choose from,of others' houses,in South Africa,such a small-brained,they are our future,is probably usefull,9
to define themselves,urban taxi´s,is where our group,poverty wordlwide,options to choose from,of others houses,in South-Africa,such a small brain,they are our,is probably useful,4
to define themselves,urban taxies,is where our group,that poverty worldwide,options to choose from,of others´ houses,in South Africa,such a small-brained,They are our future,is probably usefull,8
to define themselves,urban taxis,is where our group,that poverty world-wide,options to choose from,of other´s houses,in South-Africa,such a small-brained,They are our future,is probably useful,7
to define themselves,urban taxes,is were our crew,that poverty world wide,options to choose from,of others houses,in South Africa,such a small brain,They are future,is probably useful,4
to define themselves,urban taxis,is where our group,that poverty world-wide,options to choose from,of others´ houses,in South Africa,such a small-brained,They are our future,is probably useful,9
to define themselves,urban taxis,is where our group,the powerty worldwide,options to choose from,of others houses,in South Africa,such a small-brain,They are future,is probably useful,6
to define themselves,urban taxis,is where our group,poverty worldwide,options to choose from,of others' houses,in South Africa,such a small-brained,they are our,is probably useful,8
to define themselfs,urban taxis,is where our group,that poverty worldwide,options to choose from,of others houses,in South-Africa,such a small brain,They´re our future,is probably usefull,5
to define themselves,urban taxis,is where our group,that poverty worldwide,options to choose from,of other´s houses,in South Africa,such a small-brained,They are future,is probably useful,8
to define themselves,urban taxi's,is where our group,that poverty worldwide,options to choose from,of others' houses,in South-Africa,such a small-brain,They are our,is probably useful,6
to define themselves,urban taxis,is where our group,the poverty world wide,options to choose from,of others' houses,in South Africa,such a small-brained,They're our future,is probably useful,9
to define themselves,urban taxis,is where our group,the poverty world-wide,options to chose from,of others' houses,in South Africa,such a small-brained,They are our future,is probably useful,8
,,,,,,,,,,0
to define themselves,urban taxis,is where our group,the poverty world-wide,options to choose from,of others' houses,in South-Africa,such a small-brained,they are our,is probably useful,7
to define themselves,urban taxies,is where our group,that poverty world-wide,options to choose from,of others houses,in South Africa,such a small brain,they are future,is probably useful,5
to define themselves,urban taxis,is where our group,that poverty worldwide,options to choose from,of others' houses,in South Africa,such a small-brained,They're our future,is probably useful,10
to define themeselves,urban taxis,is where our group,poverty worldwide,options to choose from,of others´ houses,in South Africa,such a small brain,they are our future,is probably useful,7
to define themselves,urban taxis,is where our group,The poverty worldwide,options to choose from,of others houses,in South Africa,such a small brain,They are our future,is probably useful,8
to define themselves,urban taxis,is where our group,"that, poverty worldwide",options to choose from,of other´s houses,in South Africa,such a small brain,they are our future,is probably useful,7
to define themselves,urban taxis,is where our group,poverty worldwide,options to choose from,of others houses,in South Africa,such a smallbrained,They're our future,is probably useful,7
todefine themselves,urban taxis,is where our group,that poverty worldwide,options to choose from,of other's houses,in South Africa,such a small brained,They are future,is probably useful,6
to define themselves,urban taxis,is where our group,the poverty world wide,options to choose from,of other's houses,in South Africa,such a small brained,they are our future,is probably useful,7
to define themselves,urban taxis,is where our group,the poverty worldwide,options to choose from,of other's houses,in South Africa,such a small brain,they are our future,is probably useful,8
to define themselves,urban taxies,is where our group,that poverty worldwide,options to choose from,of other's houses,in South-Africa,such a small brain,They are our future,is probably useful,6
to define themselves,urban taxis,is where our group,the poverty worldwide,options to choose from,of other´s houses,in South Africa,such a small-brain,They are our future,is probably useful,8
to define themselves,urban taxis,is where our group,the poverty world wide,options to choose from,of others houses,in South Africa,such a small brained,they are our future,is probably usefull,6
to define themselves,urban taxis,is where our group,that poverty worldwide,options to choose from,of others' houses,in South Africa,such a small brain,They are our future,is probably useful,9
to define themselves,urban taxis,is where our group,that poverty worldwide,options to choose from,of others' houses,in South Africa,such a small-brained,they are our future,is probably useful,10
to define themselves,urban taxes,is where our group,poverty world-wide,options to chose from,of other's houses,in South-Africa,such a small brain,They are our future,is probably useful,4
to define themselves,urban taxis,is were our group,that poverty worldwide,options to chose from,of other houses,in South Africa,such a small brain,They are our future,is probably useful,6
to define themselves,urban taxis,is were I groomed in,that poverty woldwide,options to choose from,of others houses,and stuff like that,such a small-brained,They are our future,is probably useful,6
to define themselves,urban taxis,is where our group,the poverty world-wide,options to choose from,of others houses,in South-Africa,such a small brained,They´re our future,is probably useful,6
to define themselves,urban taxes,is where our group,that poverty worldwide,options to choose from,of others houses,in South-Africa,such a small brain,They are our,is probably useful,5
to define themselves,urban taxis,is where our group,that poverty worldwide,options to choose from,of others´ houses,in South Africa,such a small brain,They are our future,is probably useful,9
to define themselves,urban taxis,is where our group,the poverty worldwide,options to choose from,of others' houses,in South Africa,such a small-brained,They are our future,is probably useful,10
to define themselves,urban taxis,is where our group,that poverty worldwide,options to choose from,of others's houses,in South Africa,such a small-brain,They are our future,it's probably useful,7
to define themselves,urban taxis,is where our group,poverty worldwide,options to choose from,of others houses,in South-Africa,such a small brain,They are our future,is probably useful,6
to define themselves,urban taxis,is where our group,that poverty worldwide,options to choose from,of others houses,in South Africa,such a small brain,They´re our future,is probably useful,8
to define themselves,urban taxis,is where our group,that poverty worldwide,options to choose from,of others' houses,in South Africa,such a small-brain,They are our,is probably useful,8
to define themselves,urban taxis,is where our group,that poverty world-wide,options to choose from,of other´s houses,in South-Africa,such a small brain,they´re our future,is probably useful,6
to define themselves,urban taxis,is where our group,that poverty worldwide,options to choose from,of others´ houses,in South Africa,such a small brain,they are our future,is probably useful,9
to define themselfs,urban taxi's,is where our group,the poverty world-wide,options to choose from,of other's houses,in South-Africa,small brained,They are our future,is probably useful,4
to define themselves,urban taxis,is where our group,that proverty worldwide,options to choose from,of others houses,in South Africa,such a small brain,they are our future,is probably,6
to define themselves,urban taxi's,is where our group,that poverty worldwide,options to choose from,of others houses,in South-Africa,such a small-brain,They are our future,is probally useful,5
to define themselves,urban taxi's,is where our group,that poverty worldwide,options to choose from,of other's houses,in South-Africa,such a small-brain,They are our future,is probably useful,6
to define themselves,urban taxis,is where our group,that poverty worldwide,options to choose from,of other's houses,in South Africa,for such a small brain,They are our future,is probably useful,8
to define themselves,urban taxies,is where our group,that poverty worldwide,options to chose from,of others houses,in South Africa,such a small brain,They are our future,probably useful,5
to define themselves,urban taxis,is where our group,poverty worldwide,options to choose from,of other's houses,in South Africa,such a small brain,They are our future,is probably useful,7
to define themselfs,urban taxis,is were our group,poverty worldwide,options to choose from,of others houses,in South-Arfica,such a small brain,they are our future,is probably useful,4
to define themselves,urban taxi's,is where our group,the poverty worldwide,options to choose from,of other's houses,in South Africa,such a small-brain,They are our future,is probably useful,7
to define themselves,urban taxies,is where our group,that poverty worldwide,options to chose from,of others' houses,in South-Africa,such a small brained,they're our future,is probably useful,6
to define themselves,urban taxi´s,is where our group,that poverty worldwide,opitions to choose from,of other´s houses,in South-Africa,such a small brained,They are our future,is probably useful,5
to define themselves,urban taxis,is what our group,Poverty world wide,options to choose from,of others houses,in South Africa,such small brain,They are our future,it is useful,5
to define themselves,urban taxi's,is were our group,that poverty worldwide,options to choose from,of others' houses,in South-Africa,such a small brain,They are our future,is probably useful,6
to define themselves,urban taxi's,is where our group,the poverty worldwide,options to choose from,of others' houses,in South Africa,such a small-brained,They are our future,is probably useful,9
to define themselves,urban taxis,is were our group,poverty worldwide,options to choose from,of others houses,in South Africa,such a small brained,they are our future,is probably useful,6
to define themselves,urban taxies,is where our group,that poverty world-wide,options to choose from,of other's houses,in South Africa,such a small-brained,they are our future,is probably useful,7
to define themselves,urban taxies,is where our group,that poverty worldwide,options to chose from,of others' houses,in South Africa,such a small-brain,They are our future,is probably useful,7
to define themselves,urban taxis,is where our group,the poverty world wide,options to choose from,of others' houses,in south africa,such a small brained,They are our future,is probably useful,7
to define themselves,urban taxes,is where our group,that poverty worldwide,options to chose from,of others houses,in South Africa,such a small brain,they are our future,is probably useful,6
to define themselves,urban taxies,is where our group,poverity worldwide,options to choose from,of others houses,in South-Africa,such a small-brain,They are our future,is probably usefull,4
to define themselves,urban taxies,is where our group,that poverty worldwide,options to choose from,of other´s houses,in south Africa,such a small-brain,They are our future,is probably useful,6
to define themselves,urban taxies,is where our group,that poverty world-wide,options to choose from,of other's houses,in South-Africa,such a small brained,They're our future,is probably useful,5
to define themselves,urban taxi's,is where our group,that poverty world-wide,options to choose from,of other's houses,in South Africa,such a small-brained,They are our future,is probably useful,7
to define themselves,urban taxis,is where our group,poverty worldwide,options to choose from,of others' houses,in South-Africa,such a small brained,They are our future,is probably useful,7
to define themselves,urban taxis,is where our group,that poverty worldwide,options to choose from,of other's houses,in South-Africa,such a small-brained,They are our future,than is probably useful,8
to define themselves,urban taxis,is were our group,that poverty worldwide,options to choose from,of other's houses,in South-Africa,such a small brain,They are our future,is propably useful,5
to define themselves,urgent taxis,is where our group,that poverty world-wide,options to choose from,of others' houses,in South-Africa,such a small brain,They are our future,is probably useful,6
to define themselves,urban taxes,is were our group,that poverty world wide,options to choose from,of others houses,in South Africa,such a small brain,They are our future,is probably useful,5
to define themselves,urban taxis,is where our group,that poverty worldwide,options to choose from,of other´s houses,in South Africa,such a small brained,They are our future,is probbably useful,7
to define themselves,oven taxis,is where our group,that poverty worldwide,options to choose from.,of others' houses,in South Africa.,such a small brained,They are our future,is probably useful,7
to define themseves,urban taxis,is where our group,that poverty worldwide,options to choose from,of others houses,in South Africa,such a small brain,They are our future,is probably useful,7
to define themselves,urban taxis,is where our group,that poverty worldwide,options to choose from,of others' houses,in South-Africa,such a small brain,They are our future,is probably usefull,7
to define themselves,urban taxes,is where I grew up,that poverty worldwide,options to choose from,of other houses,in South-Africa,such a small-brain,They are our future,is probably useful,5
to define themselves,urban taxi's,is where our group,that poverty worldwide,options to choose from,of other's houses,in South Africa,such a small brained,they are future,is probably useful,6
to define themselves,urban taxis,is where our group,that poverty worldwide,options to choose from,of other's houses,in south africa,such a small brain,They are our future,is propably useful,6
to define themselves,urban taxis,is where our group,that poverty worldwide,options to choose from,of others' houses,in South Africa,such a small-brained,They are our future,is probably useful,10
to define themselves,urban taxis,is where our group,the poverty worldwide,options to choose from,of others' houses,in South Africa,such a small-brained,they are our future,is probably useful,10
to define themselves,urban taxis,is where our group,the poverty worldwide,options to choose from,of others' houses,in South Africa,such a small brain,they are our future,is probably useful,9
to define themselfe,urban taxis,where our group,that poverty,options to choose from,of others,in Southafrica,such a small brain,They are,propably,2
to define themselves,urban taxis,is were arguying,that poverty worldwide,options to choose from,of others houses,in South-Africa,such a small brain,They are our future,it's probably useful,5
to define themselves,urban taxis,is where our group,that poverty world wide,options to choose from,of other's houses,in South Africa,such a small brain,They are our future,is probably useful,7
to define themselves,urban taxis,is where our group,that poverty world wide,options to choose from,of others' houses,in South-Africa,such a small-brained,They're our future,it's probably useful,7
to define themselves,urban taxi's,is where our group,poverty world-wide,options to choose from,of others' houses,in South Africa,such a small-brained,They are our future,is probably useful,8
to define themselves,urban taxis,is where our group,that poverty worldwide,options to choose from,of other`s houses,in South Africa,such a small brain,They`re our future,is probably useful,7
to define themselves,urban taxi's,is where our group,poverty worldwide,options to choose from,of other's houses,in South Africa,such a small brained,They are our future,is probably useful,6
to define themselves,urban taxis,is where our group,the poverty worldwide,options to choose from,of others´ houses,in South Africa,such a small-brain,they are our future,is probably useful,9
to define themselves,urban taxies,is where our group,that poverty worldwide,options to choose from,of others´ houses,in South Africa,such a small brained,They are our future,is probably useful,8
to define themselves,urban taxies,is where our group,poverty world-wide,options to choose from,of other's houses,in South Africa,such a small brain,They are our future,is probably useful,6
to define themselves,urban taxes,is were our group,the poverty world-wide,options to choose from,of others houses,in South-Africa,such a small brain,They are our future,is probaly,3
to define themselves,urban taxis,is where our group,the poverty world-wide,options to choose from,of others' houses,in South Africa,such a small-brained,They are our future,is probably useful,9
to define themselves,urban taxis,is where our group,poverty worldwide,options to choose,of others´ houses,in South Africa,such a small,They are the future,is probably useful,6
to define themselves,urban taxis,is where our group,the poverty world-wide,options to choose from,of others' houses,in South Africa,such a small-brained,They are our future,is probably useful,9
to define themselves,urban taxis,is where our group,that poverty worldwide,options to choose from,of others houses,in South Africa,such a small brained,They're our,is probably,6
to define themselves,urban taxis,is where our group,the poverty world wide,options to choose from,of other's houses,is South Africa,such a small-brained,They are our future,is probably useful,7
to define themselves,urban taxis,is where our group,poverty worldwide,options to choose from,of other's houses,in South Africa,such a small brained,They are our future,is probably usefull,6
to define themselves,urban taxis,is where our group,That poverty worldwide,options to choose from,of others´ houses,in South-Africa,such a small-brained,They are our,is probably useful,8
to define themselves,urban taxis,is where our group,poverty worldwide,options to choose from,of others houses,in South Africa,such a small-brained,They are our future,is probably useful,8
to define themselves,urban taxi's,is where our group,the poverty worldwide,options to choose from,of others' houses,in South-Africa,such a small-brained,They are our future,is probably useful,8
to define themselves,urban taxi´s,is where our group,poverty worldwide,options to choose from,of other´s houses,in South Africa,such a small brain,they are our future,is probably useful,6
to define themselves,urban taxis,is where our group,the poverty world-wide,options to choose from,of other´s houses,in South Africa,such a small-brained,They are our future,is probably useful,8
to define themselves,urban taxi´s,is were our group,that poverty world-wide,options to choose from,of other´s houses,in South Africa,such a small brained,They are our future,is probably useful,5
to define themselves,urban taxi's,is where our group,poverty world-wide,options to choose from,of others' houses,in South-Africa,such a small-brained,They are our future,is probably useful,7
to define themselves,urban taxies,is where our group,that poverty worldwide,options to choose from,of others' houses,in South Africa,such a small brain,They are our,is probably useful,7
to define themselves,urban taxies,is where our group,that poverty worldwide,options to choose from,of others´ house,in south Africa,such a small,They are our future,useful,5
to define themselves,urban taxi's,is where our group,that poverty worldwide,options to chose from,of others houses,in South Africa,such a small-brain,they are our future,is probably useful,6
to define themselves,urban taxis,is where or group,that poverty worldwide,options to choose from,of others houses,in South Africa,such a small-brain,They are our,is probably useful,6
to define themselves,urban taxis,is where our group,that poverty world-wide,options to choose from,of other´s houses,in South Africa,such a small-brained,They are our,is probably useful,7
to define themselves,urban taxi's,is where our group,that poverty worldwide,options to choose from,of other houses,in South Africa,such a small brained,They are our future,is probably useful,7
to define themselves,urban taxies,is where our group,poverty world wide,options to choose from,of others' houses,in South-Africa,such a small-brain,They are our future,is probably useful,6
to define themselves,urban taxi's,is where our group,poverty worldwide,options to choose from,of other's houses,in South-Africa,such a small-brain,They are our future,is probably usefull,4
to define themselves,urban taxis,is where our group,that poverty world wide,options to choose from,of others' houses,in South-Africa,such a small-brain,They are our future,is probably useful,7
to define themselves,urban taxis,is where our group,that poverty worldwide,options to choose from,of others houses,in South Africa,such a small brain,They are our future,is probably useful,8
to define themselves,urban taxies,is where our group,the poverty world-wide,options to choose from,of others´ houses,in South-Africa,such a small brained,They are our future,is probably useful,6
to define themselves,urban taxis,is where our group,that poverty worldwide,options to choose from,of others' houses,in South Africa,such a small-brained,They are our future,is probably useful,10
to define themselves,urban taxi's,is were our group,that poverty worldwide,options to choose from,of others houses,in South Africa,such a small brain,They are our future,is probably useful,6
to define themselves,urbain taxes,is where our group,that poverty worldwide,options to chose from,of others´ houses,in South Africa,such a small brain,They are our future,it is probably useful,6
to define themselves,urban taxis,is where our group,the poverty worldwide,options to choose from,of other's houses,in South Africa,date for such a small brain,They are our future,is probably useful,8
to define themselves,urban taxis,is where our group,the poverty world-wide,options to choose from,of other's houses,in South Africa,such a small-brained,They are our future,is probably useful,8
to define themselves,urban taxies,is where our group,that poverty world wide,options to choose from,of other's houses,in South Africa,such a small brain,They are our future,is probably useful,6
to define themselves,urban taxes,is where our group,that poverty worldwide,options to choose from,of others houses,in South-Africa,such a small brained,They are our future,usefull,5
to define themselves,urban taxis,is where our group,that poverty worldwide,options to choose from,of others' houses,in South-Africa,such a small-brained,They are our future,is probably useful,9
to define themselves,urban taxis,is where our group,the poverty world-wide,options to choose from,of other's houses,in South-Africa,such a small-brained,They are our future,is probably useful,7
to define themselves,urban taxi's,is where our group,that poverty worldwide,options to choose from,of others' houses,in South-Africa,such a small-brained,They're our,is probably usefull,6
to define themselves,urvent taxis,is where our group,that poverty worldwide,options to choose from,of others' houses,in South-Africa,such a small brain,They are our future,is probably useful,7
to define themselves,urban taxis,is where our group,that poverty worldwide,options to choose from,of others' houses,in South Africa,such a small-brain individual,They are our future,is probably useful,9
to define themselves,urban taxies,is where our group,the poverty world wide,options to choose from,of other's houses,in South-Africa,such a small-brained,They are our future,is probably useful,6
to define themselves,urban taxies,is where our group,the poverty world wide,option to choose from,of other's houses,in South Africa,such a small brain,They are our future,is probably usefull so,4
to define themselves,urban taxis,is where our group,poverty worldwide,options to choose from,of others' houses,in South Africa,such a small-brained,They are our future,is probably useful,9
to define themselves,urban taxis,is where our group,that poverty worldwide,options to choose from,of others' houses,in South Africa,such a small-brained,They are our,is probably useful,9
to define themselves,urban taxis,is where our group,poverty worldwide,options to choose from,of other's houses,in South Africa,such a small-brained,they are our future,is probably useful,8
to define themselves,urban taxis,is where our group,the poverty worldwide,options to choose from,of others' houses,in South-Africa,such a small-brained,They are our future,is probably useful,9
to define themselves,urban taxes,is where our group,that poverty world-wide,options to choose from,of other's houses,in South-Africa,such a small brain,They are future,is probably useful,4
to define themselves,urban taxis,is where our group,the poverty worldwide,options to choose from,of others' houses,in south Africa,such a small-brained,They are our future,is probably useful,9
to define themselves,urban taxis,is where our group,that poverty worldwide,options to choose from,of others houses,in South-Africa,such a small brained,They are our future,is probally useful,6
to define themselves,urban taxes,is where our group,the poverty worldwide,options to choose from,of other's houses,in South-Africa,such a small brain,they are our future,is probably useful,6
to define themselves,urban taxis,is where our group,that poverty worldwide,options to choose from,of other's houses,in South-Africa,such a small-brain,they are our future,is probably useful,7
to define themselves,urban taxi's,is where our group,the poverty worldwide,options to choose from,of others' houses,in South Africa,such a small-brained,They're our future,is probably useful,9
to define themselves,urban taxies,is where our group,that powerty worldwide,options to choose from,of other's houses,in South Africa,such a small-brained,They're our future,is probably useful,7
to define themselves,urban taxis,is where our group,the poverty world wide,options to choose from,of others´ houses,in South Africa,such a small-brained,They are our future,is probably useful,9
to define themselves,urban taxis,is where our group,poverty worldwide,options to choose from,of other's houses,in South Africa,such a small-brain,they are our future,is probably useful,7
to define themselves,urban taxis,is where our group,poverty worldwide,options to choose from,of others' houses,in South Africa,such a small-brained,They are our future,is probably useful,9
to define themselves,urban taxis,is where our group,the poverty world-wide,options to choose from,of others' houses,in South Africa,such a small-brained,They are our future,is probably useful,9
to define themselves,urban taxes,is were our group,the poverty worldwide,options to choose from,of others' houses,in South Africa,such a small brain,they are our future,is probably useful,7
to define themselves,urban taxis,is where our group,that poverty worldwide,options to choose from,of others' houses,in South-Africa,such a small-brained,They are our future,is probably useful,9
to define themselves,urban taxis,is where our group,the poverty worldwide,options to choose from,of others' houses,in South Africa,such a small-brained,They're our future,is probably useful,10
to define themselves,urban taxis,is where our group,that poverty worldwide,options to choose from,of others houses,in South-Africa,such a small-brain,They are our future,is probably useful,7
to define themselves,urban taxi's,is where our group,That poverty worldwide,options to choose from,of others' houses,in South-Afrika,such a small brain,They are our future,is probably useful,7
to define themselves,urban taxis,is where our group,that poverty world-wide,options to choose from,of others' houses,in South-Africa,such a small brain,They are our future,it's probably useful,6
to define themselves,urban taxis,is where our group,that poverty worldwide,options to choose from,of other's houses,in South Africa,such a small-brained,They are our future's,is probably useful,8
to define themselves,urban taxis,is where our group,that poverty world-wide,options to choose from,of other's houses,in South Africa,such a small-brained,They are our future,is probably useful,8
to define themselves,urban taxes,is where our group,that poverty world-wide,options to choose from,of the houses,in South Africa,such a smal-brain,They are our,is probably useful,5
to define themselves,urban taxis,is where our group,the poverty worldwide,options to choose from,of other´s houses,in South Africa,such a small brain,They´re our future,is probably useful,8
to define themselves,urban taxies,is where our group,that poverty worldwide,options to choose from,of others houses,in South Africa,such a small brain,They are our future,is probably usefull,6
to define themselves,urban taxis,is where our group,that poverty world wide,options to choose from,of others houses,in South-Africa,such a small brain,they are our future,is probabelly usefull,5
to define themselves,urban taxis,is where our group,that poverty worldwide,options to choose from,of other´s houses,in South Africa,such a small brained,They are our future,is probably useful,8
to define themselves,urban taxies,is where our group,that poverty worldwide,options to choose from,of others' houses,in South Africa,such a small-brained,They are our future,is probably useful,9
to define themselves,urban taxis,is where our group,the poverty world-wide,options to choose from,of other's houses,in South-Africa,such a small-brained,They are our future,is probably useful,7
to defined them selves,urban taxies,is where our group,that through half  worldwide,options sustututional,of others houses,in south africa,such a small brain,They are our future,is probably usefull,2
to define themselves,urban taxies,is where argue,that pufferty worldwide,options to choose from,of others houses,in South Africa,such a small brain,They are future,is probably used for,3
to define themselves,urban taxes,is where our group,that profiting world-wide,options to choose from,of other houses,in south Africa,such a small brain,They are our future,is probably usefull,4
to define themselves,urban taxis,is where our group,that poverty world wide,options to choose from,of others houses,in South Africa,such a small brained,They are our future,is probably useful,7
to define themself,urban taxes,is were our group,that poverty worldwide,options to choose from,of others houses,in South Africa,such small brain,They are future,is probably useful,4
to define themselves,urban taxis,is where our group,poverty worldwide,options to choose from,of others´ houses,in South Africa,such a small brain,they are future,is probably useful,7
to define themselves,urban taxis,is where our group,the poverty world wide,options to choose from,of other's houses,in South Africa,such a smallbrained,They're our future,is probably useful,7
to define themselves,urban taxi´s,is where our group,that poverty worldwide,options to choose from,of others houses,in South Africa,such a small brain,They are our future,is probably useful,7
to define themselves,urban taxis,is where our group,the poverty worldwide,options to choose from,of other's houses,in South Africa,such a small-brained,they are our future,is probably useful,9
